"Date","USD_INR","Pound_INR","Euro_INR"
2010-11-25,45.495,71.769991,60.943
2010-11-26,45.83,71.396696,60.684
2010-11-29,45.905,71.37051,60.006
2010-11-30,45.98,71.2789937,59.763
2010-12-01,45.165,70.77148645,59.574
2010-12-02,45.15,70.5132377,59.673
2010-12-03,45.1,70.908635,60.04
2010-12-05,44.85,70.7329,60.1483
2010-12-06,44.89,70.5165645,59.606
2010-12-07,44.84,70.4350685,59.557
2010-12-08,45.195,71.2974515,59.627
2010-12-09,45.14,71.2117245,59.62
2010-12-10,45.085,71.125903,59.729
2010-12-13,44.935,71.6208514,60.506
2010-12-14,45.015,70.8501195,60.292
2010-12-15,45.345,70.472933,60.397
2010-12-16,45.505,71.0653455,60.168
2010-12-17,45.42,70.261265,59.423
2010-12-19,45.15,70.0593,59.4671
2010-12-20,45.36,70.5317255,59.595
2010-12-21,45.23,69.9219645,59.341
2010-12-22,45.06,69.3527487,58.972
2010-12-23,45.12,69.67446605,59.048
2010-12-24,45.045,69.5440145,59.0216
2010-12-26,45.01,69.5179,59.0261
2010-12-27,45.05,69.7482804,59.527
2010-12-28,44.975,69.110835,59.069
2010-12-29,44.895,69.824255,59.284
2010-12-30,44.995,69.2839255,59.487
2010-12-31,44.605,69.71762,59.7773
2011-01-02,44.7,69.6024,59.6656
2011-01-03,44.675,69.158096,59.648
2011-01-04,45.16,70.3266865,59.78
2011-01-05,45.34,70.272833,59.755
2011-01-06,45.465,69.91664655,58.845
2011-01-07,45.18,70.3602125,58.702
2011-01-09,45.34,70.4493,58.4614
2011-01-10,45.37,70.651144,58.74
2011-01-11,45.14,70.4830615,58.54
2011-01-12,45.015,70.7807016,58.841
2011-01-13,45.175,71.385386,60.182
2011-01-14,45.44,71.982915,60.542
2011-01-16,45.35,71.9886,60.5967
2011-01-17,45.56,72.3292103,60.442
2011-01-18,45.485,72.45972675,60.749
2011-01-19,45.605,72.6532273,61.42
2011-01-20,45.715,72.580187,61.54
2011-01-21,45.62,73.005721,61.911
2011-01-23,45.62,73.0102,62.1481
2011-01-24,45.515,72.6702195,62.158
2011-01-25,45.715,72.2548822,62.36
2011-01-26,45.605,72.5028491,62.242
2011-01-27,45.7,72.6624155,62.543
2011-01-28,45.96,72.771317,62.377
2011-01-30,45.9,72.6918,62.3919
2011-01-31,45.925,73.4412885,63.002
2011-02-01,45.49,73.3002855,62.993
2011-02-02,45.605,73.60992865,62.782
2011-02-03,45.62,73.55094245,62.362
2011-02-04,45.655,73.479993,61.954
2011-02-06,45.56,73.3243,61.8067
2011-02-07,45.35,73.0640661,61.504
2011-02-08,45.235,72.69716915,61.827
2011-02-09,45.545,73.2214376,62.109
2011-02-10,45.625,73.61971685,62.264
2011-02-11,45.595,73.0204925,61.667
2011-02-13,45.55,72.88,61.5973
2011-02-14,45.38,72.91689,61.239
2011-02-15,45.56,73.36432775,61.308
2011-02-16,45.33,73.0935575,61.519
2011-02-17,45.23,73.1522899,61.5513
2011-02-18,45.105,73.3123075,61.7414
2011-02-20,45.1,73.301,61.7599
2011-02-21,44.975,72.98927315,61.43785
2011-02-22,45.325,72.90986075,61.68425
2011-02-23,45.325,73.18958,61.9835
2011-02-24,45.555,73.396652,62.70025
2011-02-25,45.315,73.0575825,62.30525
2011-02-27,45.25,72.8208,62.2414
2011-02-28,45.195,73.6470328,62.3177
2011-03-01,45.17,73.114813,61.79455
2011-03-02,44.945,73.326805,62.15215
2011-03-03,44.955,73.06105665,62.65455
2011-03-04,44.86495,73.2037525,62.6798
2011-03-06,44.89,73.054,62.8325
2011-03-07,45.065,73.003048,62.84815
2011-03-08,45.055,72.8246505,62.4593
2011-03-09,44.965,72.9148515,62.4308
2011-03-10,45.29,72.572882,62.27955
2011-03-11,45.135,72.5220755,62.64985
2011-03-13,45.24,72.7143,63.0691
2011-03-14,45.065,72.8823418,62.94355
2011-03-15,45.19,72.60255,63.1163
2011-03-16,45.26,72.114478,62.6625
2011-03-17,45.16,72.87627445,63.16275
2011-03-18,45.06,73.091335,63.7689
2011-03-20,45,73.0305,63.792
2011-03-21,45,73.5187205,63.8657
2011-03-22,44.93,73.5170175,63.67825
2011-03-23,44.8,72.7546959,63.13775
2011-03-24,44.645,72.0249931,63.28935
2011-03-25,44.695,71.637785,62.9339
2011-03-27,44.68,71.5014,62.6637
2011-03-28,44.82,71.61150565,62.9874
2011-03-29,44.71,71.540605,63.03415
2011-03-30,44.68,71.7574544,63.0443
2011-03-31,44.55,71.460429,63.0257
2011-04-01,44.44,71.588397,63.1773
2011-04-04,44.32545,71.5809477,63.01985
2011-04-05,44.31995,72.2209394,63.00935
2011-04-06,44.05,71.9429011,63.1678
2011-04-07,44.15,72.0563245,63.11105
2011-04-08,44.11,72.1894875,63.7921
2011-04-11,44.36,72.5848157,63.9019
2011-04-12,44.57,71.99634,63.9883
2011-04-13,44.52,72.39272385,64.1824
2011-04-14,44.41995,72.6666868,64.3578
2011-04-15,44.34,72.3086755,63.9076
2011-04-18,44.56,72.376334,63.13895
2011-04-19,44.43,72.4274435,63.67995
2011-04-20,44.28,72.5994888,64.2918
2011-04-21,44.385,73.28358625,64.42595
2011-04-22,44.395,72.9675725,64.4711
2011-04-25,44.5,73.41454475,64.8373
2011-04-26,44.5,73.3108112,65.07925
2011-04-27,44.37,73.787077,65.51115
2011-04-28,44.375,73.7950785,65.7084
2011-04-29,44.25,73.9267585,65.47185
2011-05-02,44.36,73.7567505,65.58375
2011-05-03,44.425,73.315075,65.85325
2011-05-04,44.63,73.2930624,65.7609
2011-05-05,44.995,73.4585085,65.04585
2011-05-06,44.675,73.3271765,63.7534
2011-05-09,44.62,73.2097321,64.07365
2011-05-10,44.635,73.1731445,64.31015
2011-05-11,44.745,73.0109545,63.3646
2011-05-12,44.775,73.09493545,63.6946
2011-05-13,44.995,72.7069685,63.1899
2011-05-16,45.135,73.073693,63.68885
2011-05-17,45.095,73.29314545,64.1023
2011-05-18,45.075,72.8810922,64.0871
2011-05-19,44.985,72.998923,64.2117
2011-05-20,45.03,72.983569,63.404
2011-05-23,45.2,72.89358885,63.462
2011-05-24,45.155,73.13717,63.70695
2011-05-25,45.345,73.64821405,63.7285
2011-05-26,45.285,74.2899415,63.91395
2011-05-27,45.12995,74.5561245,64.6333
2011-05-30,45.055,74.295471,64.41615
2011-05-31,44.985,74.1551375,64.7601
2011-06-01,44.985,73.2182992,64.17135
2011-06-02,44.815,73.359915,64.8789
2011-06-03,44.795,73.609388,65.5394
2011-06-06,44.795,73.17798725,65.1608
2011-06-07,44.665,73.472597,65.5426
2011-06-08,44.705,73.210375,65.13465
2011-06-09,44.66,73.10953715,64.75985
2011-06-10,44.855,72.595959,64.1581
2011-06-13,44.855,73.44737165,64.61985
2011-06-14,44.655,73.30278105,64.63055
2011-06-15,44.71495,72.4235037,63.35565
2011-06-16,44.835,72.5619852,63.68505
2011-06-17,44.805,72.5324065,64.084
2011-06-20,44.915,72.9463581,64.2392
2011-06-21,44.805,72.7666655,64.4706
2011-06-22,44.815,72.0556395,64.1841
2011-06-23,44.925,71.9207471,64.00965
2011-06-24,44.99545,71.8437325,63.8487
2011-06-27,45.05,71.9757267,64.2591
2011-06-28,44.95995,71.989324,64.59635
2011-06-29,44.795,71.951969,64.64935
2011-06-30,44.625,71.5709474,64.6518
2011-07-01,44.465,71.74719,64.60685
2011-07-04,44.385,71.5106285,64.6033
2011-07-05,44.35495,71.31146685,63.9875
2011-07-06,44.405,71.0811006,63.52995
2011-07-07,44.275,70.838485,63.68905
2011-07-08,44.415,71.1900895,63.2628
2011-07-11,44.52,70.79171555,62.3402
2011-07-12,44.6,71.0822009,62.29325
2011-07-13,44.495,71.8458761,63.26115
2011-07-14,44.42995,71.805464,62.848
2011-07-15,44.47495,71.811044,62.92765
2011-07-18,44.535,71.5194733,62.81165
2011-07-19,44.42995,71.72733765,62.8822
2011-07-20,44.475,71.794232,63.13615
2011-07-21,44.425,72.433386,63.91425
2011-07-22,44.405,72.3379075,63.58735
2011-07-25,44.355,72.2580325,63.7415
2011-07-26,44.065,72.498716,63.9809
2011-07-27,44.12,71.99146,63.31345
2011-07-28,44.075,72.1406084,63.09315
2011-07-29,44.105,72.608296,63.5442
2011-08-01,44.195,71.8863265,62.8425
2011-08-02,44.29,72.041214,62.80605
2011-08-03,44.295,72.8700992,63.6334
2011-08-04,44.805,72.4937695,62.8271
2011-08-05,44.725,73.2498875,63.8604
2011-08-08,45.215,73.449571,63.7644
2011-08-09,44.965,73.83885825,65.05365
2011-08-10,45.275,73.17394335,64.0951
2011-08-11,45.145,73.7607735,64.5057
2011-08-12,45.36,73.84288,64.7003
2011-08-15,45.195,74.2508583,65.3702
2011-08-16,45.315,74.59116565,65.1727
2011-08-17,45.425,75.037445,65.3586
2011-08-18,45.965,75.4879055,65.51295
2011-08-19,45.675,75.159545,65.71135
2011-08-22,45.575,75.050259,65.49805
2011-08-23,45.65,75.2328205,65.78175
2011-08-24,46.06,75.1040236,66.16125
2011-08-25,46.14,74.98314855,66.1692
2011-08-26,46.04,75.54063,66.8501
2011-08-29,45.995,75.514678,66.5986
2011-08-30,45.97,74.999449,66.36585
2011-08-31,45.86,74.4516675,65.82265
2011-09-01,45.885,73.928513,65.20365
2011-09-02,45.87,74.2250105,65.0237
2011-09-05,46.045,73.734183,64.83545
2011-09-06,46.065,73.5278319,64.50015
2011-09-07,46.08,73.695461,64.92075
2011-09-08,46.26,73.8638071,64.08625
2011-09-09,46.735,73.9045615,63.4762
2011-09-12,47.175,74.89361425,64.47365
2011-09-13,47.475,75.02815075,64.979
2011-09-14,47.645,75.0891733,65.243
2011-09-15,47.555,75.11122115,65.873
2011-09-16,47.18,74.63068,65.155
2011-09-19,48.065,74.89078705,65.078
2011-09-20,48.04,75.52508015,65.671
2011-09-21,48.57,74.964347,66.339
2011-09-22,49.755,76.0881845,66.532
2011-09-23,49.075,76.192147,66.705
2011-09-26,49.355,76.90666485,66.881
2011-09-27,48.93,76.480085,66.565
2011-09-28,48.78,76.272608,66.699
2011-09-29,48.875,76.4040695,66.743
2011-09-30,49.375,76.3952215,65.969
2011-10-03,49.095,75.83250325,65.204
2011-10-04,49.225,76.3444955,65.543
2011-10-05,49.185,76.3293145,65.631
2011-10-06,49.05,75.847243,65.865
2011-10-07,49.075,76.290255,66.076
2011-10-10,48.82,76.6525198,66.795
2011-10-11,49.16,76.75391955,67.254
2011-10-12,48.95,77.1042072,67.579
2011-10-13,49.125,77.4229662,67.6770575
2011-10-14,49.025,77.53549,68.034445
2011-10-17,48.975,77.092773,67.2598165
2011-10-18,49.3,77.4241752,67.713551
2011-10-19,49.15,77.521839,67.625487
2011-10-20,49.875,78.74838655,68.702813
2011-10-21,49.92,79.5252065,69.262121
2011-10-24,49.715,79.5084547,69.2604535
2011-10-25,49.455,79.147783,68.7869605
2011-10-26,49.44,78.9087145,68.686994
2011-10-27,49.125,79.10672565,69.671532
2011-10-28,48.635,78.460415,68.811231
2011-10-31,48.695,78.247997,67.423097
2011-11-01,49.28,78.5242325,67.405185
2011-11-02,49.19,78.354753,67.481303
2011-11-03,49.055,78.63026,67.754767
2011-11-04,49.005,78.5476655,67.5803465
2011-11-07,48.945,78.5841348,67.389924
2011-11-08,49.48,79.643012,68.445686
2011-11-09,50.075,79.65780905,67.7464685
2011-11-10,49.99,79.649069,68.023893
2011-11-11,49.98,80.2903735,68.7250015
2011-11-14,50.305,79.97841135,68.5154105
2011-11-15,50.67,80.12194,68.528643
2011-11-16,50.785,79.86398405,68.3261395
2011-11-17,50.955,80.2821515,68.6109075
2011-11-18,51.235,80.984604,69.292777
2011-11-21,52.065,81.44528,70.235686
2011-11-22,52.4905,82.1161397,70.9330383
2011-11-23,52.305,81.23149675,69.806254
2011-11-24,52.075,80.68761,69.4992965
2011-11-25,52.185,80.5762505,69.0433655
2011-11-28,51.965,80.55666365,69.1810045
2011-11-29,52.01875,81.20491132,69.3592025
2011-11-30,52.21125,81.937728,70.16147775
2011-12-01,51.4675,80.7584282,69.29841725
2011-12-02,51.125,79.7575575,68.45382
2011-12-05,51.275,80.2258913,68.6931185
2011-12-06,51.41625,80.222205,68.93119613
2011-12-07,51.72,81.24565695,69.372038
2011-12-08,51.76,80.8775905,69.073721
2011-12-09,51.89,81.314227,69.462551
2011-12-12,52.835,82.3222145,69.5889795
2011-12-13,53.225,82.4135905,69.378788
2011-12-14,53.715,83.0917345,69.740871
2011-12-15,53.645,83.2216353,69.835062
2011-12-16,52.535,81.673539,68.518775
2011-12-19,52.885,81.9714879,68.737281
2011-12-20,52.795,82.69544925,69.06378
2011-12-21,52.485,82.26499,68.4693075
2011-12-22,52.73,82.6606065,68.82056
2011-12-23,52.795,82.29685,68.8842775
2011-12-26,52.71125,82.3312835,68.81453725
2011-12-27,53.03,83.0993379,69.299605
2011-12-28,53.05625,81.98066175,68.6494825
2011-12-29,53.05625,81.751725,68.72110875
2011-12-30,53.065,82.4975035,68.727136
2012-01-02,53.31,82.7016726,68.96182
2012-01-03,53.225,83.28860995,69.4772545
2012-01-04,52.9775,82.7087395,68.53964175
2012-01-05,52.985,82.102908,67.778413
2012-01-06,52.725,81.3256775,67.084655
2012-01-09,52.515,81.1682352,67.0327725
2012-01-10,51.705,80.0677785,66.0660645
2012-01-11,51.895,79.539467,65.950761
2012-01-12,51.585,79.10508265,66.1087575
2012-01-13,51.53,78.93108,65.337466
2012-01-16,51.395,78.708874,65.050652
2012-01-17,50.71375,77.77359373,64.6169255
2012-01-18,50.415,77.782783,64.7984
2012-01-19,50.2375,77.80758989,65.14547838
2012-01-20,50.235,78.248549,64.976462
2012-01-23,50.085,77.969825,65.2031575
2012-01-24,50.025,78.14180425,65.1900825
2012-01-25,50.1075,78.44003493,65.658363
2012-01-26,50.11,78.63512,65.676673
2012-01-27,49.315,77.584825,65.196897
2012-01-30,49.7,78.0762167,65.3033165
2012-01-31,49.53,78.0798367,64.827342
2012-02-01,49.125,77.8655825,64.7148195
2012-02-02,49.095,77.5978396,64.537833
2012-02-03,48.605,76.842076,63.961751
2012-02-06,49.055,77.6050105,64.37733
2012-02-07,49.215,78.244469,65.2566295
2012-02-08,49.15,77.7307259,65.14586825
2012-02-09,49.505,78.29983145,65.772343
2012-02-10,49.505,77.997604,65.334225
2012-02-13,49.195,77.47942025,64.7922755
2012-02-14,49.41,77.544058,64.870391
2012-02-15,49.29,77.338477,64.362883
2012-02-16,49.29,77.900382,64.737488
2012-02-17,49.275,78.007254,64.7843075
2012-02-20,49.21,77.96414208,65.14985798
2012-02-21,49.31,77.8097026,65.2610468
2012-02-22,49.23,77.1202731,65.2068584
2012-02-23,49.145,77.38568335,65.7257866
2012-02-24,48.99,77.75938,65.879307
2012-02-26,49,77.8659,66.0079
2012-02-27,49.225,77.868044,65.931966
2012-02-28,49.07815,78.0352412,66.07146029
2012-02-29,49.01,78.0280877,65.3053363
2012-03-01,49.215,78.529916,65.5420765
2012-03-02,49.515,78.3995765,65.3444516
2012-03-04,49.51,78.3991,65.3334
2012-03-05,49.84,79.05745533,65.86680018
2012-03-06,50.375,79.199576,66.081927
2012-03-07,50.28685,79.16407499,66.13475112
2012-03-08,50.185,79.440352,66.6143185
2012-03-09,49.805,78.071829,65.3566125
2012-03-11,49.75,77.9234,65.2521
2012-03-12,49.98,78.16247465,65.7511925
2012-03-13,49.945,78.4763317,65.3430445
2012-03-14,49.935,78.24365155,65.0752935
2012-03-15,50.285,78.97359895,65.7576952
2012-03-16,50.165,79.4538365,66.09740525
2012-03-18,50.13,79.426,66.0914
2012-03-19,50.235,79.8249227,66.48049725
2012-03-20,50.395,79.9262188,66.6670423
2012-03-21,50.66,80.3898235,66.9395915
2012-03-22,51.22,81.024921,67.6027181
2012-03-23,51.21755,81.28225298,67.97081155
2012-03-25,51.17,81.2426,67.9333
2012-03-26,51.025,81.47161855,68.148991
2012-03-27,50.715,80.8777465,67.544773
2012-03-28,50.78,80.6843425,67.61103225
2012-03-29,51.395,81.98170735,68.36306
2012-03-30,50.87625,81.46305588,67.87095412
2012-04-02,50.8,81.39404945,67.650362
2012-04-03,50.655,80.602241,67.0418975
2012-04-04,51.09,81.1881428,67.1325168
2012-04-05,51.09,80.8611668,66.7490875
2012-04-06,51.12,81.1351105,66.94803255
2012-04-09,51.145,81.3052075,67.0459825
2012-04-10,51.475,81.6614853,67.33882355
2012-04-11,51.455,81.8520423,67.45724835
2012-04-12,51.58875,82.32842333,68.02931104
2012-04-13,51.3,81.3438475,67.0875775
2012-04-16,51.64,82.0900444,67.8182973
2012-04-17,51.385,81.82804415,67.455659
2012-04-18,51.78,82.95233825,67.94183425
2012-04-19,52.075,83.6009464,68.4031165
2012-04-20,52.08,83.9659825,68.8492417
2012-04-23,52.525,84.70312905,69.112396
2012-04-24,52.64,84.9793865,69.45821805
2012-04-25,52.545,84.9495025,69.475
2012-04-26,52.555,85.04029835,69.32608965
2012-04-27,52.455,85.3206815,69.50707265
2012-04-30,52.66,85.5066775,69.73526955
2012-05-01,52.63,85.363231,69.668963
2012-05-02,52.965,85.798004,69.6648655
2012-05-03,53.375,86.3700918,70.2014695
2012-05-04,53.475,86.3648,69.96669125
2012-05-07,52.84,85.579668,69.0011145
2012-05-08,53.14625,85.85484512,69.09437752
2012-05-09,53.755,86.7121925,69.52671775
2012-05-10,53.255,85.900316,68.8645737
2012-05-11,53.635,86.183401,69.30393015
2012-05-14,53.925,86.80739225,69.1696025
2012-05-15,53.795,86.06608355,68.50524335
2012-05-16,54.345,86.46941695,69.1113522
2012-05-17,54.355,85.7914865,68.9607322
2012-05-18,54.425,86.0813025,69.452288
2012-05-21,55.005,87.0399125,70.4564553
2012-05-22,55.395,87.327449,70.263019
2012-05-23,55.98,87.8393394,70.467626
2012-05-24,55.555,87.0569082,69.65819305
2012-05-25,55.37,86.72880075,69.29500255
2012-05-28,55.18625,86.55687475,69.21183575
2012-05-29,55.615,86.951273,69.44533895
2012-05-30,56.205,87.005341,69.522775
2012-05-31,56.075,86.386342,69.31767275
2012-06-01,55.505,85.2695575,69.0176935
2012-06-04,55.66,85.625676,69.547171
2012-06-05,55.545,85.40793725,69.1535255
2012-06-06,55.365,85.7631545,69.6386514
2012-06-07,54.955,85.3703952,69.03996775
2012-06-08,55.42,85.6765515,69.3132423
2012-06-11,55.695,86.185229,69.4366277
2012-06-12,55.81,86.8950578,69.7957087
2012-06-13,55.565,86.18353855,69.8215907
2012-06-14,55.705,86.6324165,70.344275
2012-06-15,55.39,87.02046075,70.00077545
2012-06-18,55.875,87.5477445,70.27343
2012-06-19,55.875,87.869026,70.89643575
2012-06-20,56.15,88.2060377,71.324538
2012-06-21,56.28,87.78695265,70.620146
2012-06-22,57.125,89.03217,71.814695
2012-06-25,56.965,88.7127348,71.21849815
2012-06-26,56.995,89.111683,71.1953045
2012-06-27,57.01,88.75317,71.0866252
2012-06-28,56.81,88.137877,70.672209
2012-06-29,55.64,87.4020965,70.4541525
2012-07-02,55.385,86.9134664,69.696485
2012-07-03,54.215,85.0503245,68.3469535
2012-07-04,54.535,85.05551475,68.32035805
2012-07-05,54.96,85.3111124,68.0921446
2012-07-06,55.405,85.819576,68.0777869
2012-07-09,55.845,86.69433755,68.76278685
2012-07-10,55.395,85.96362375,67.881034
2012-07-11,55.625,86.2415574,68.0769353
2012-07-12,55.835,86.15396435,68.10753375
2012-07-13,55.075,85.765545,67.45586125
2012-07-16,55.2,86.2952667,67.7342654
2012-07-17,55.075,86.1648385,67.660189
2012-07-18,55.315,86.58844265,67.93345855
2012-07-19,55.135,86.6804915,67.686483
2012-07-20,55.325,86.4204175,67.25307125
2012-07-23,55.925,86.6999696,67.7416736
2012-07-24,56.12,87.0224805,67.69334845
2012-07-25,56.16,87.019921,68.2428245
2012-07-26,55.495,87.0441861,68.14425355
2012-07-27,55.245,86.9915405,68.0878064
2012-07-30,55.435,87.08201105,67.9577675
2012-07-31,55.605,87.15583415,68.380249
2012-08-01,55.475,86.19927535,67.8514735
2012-08-02,55.84,86.6497225,68.03797025
2012-08-03,55.755,87.203609,69.06929525
2012-08-06,55.525,86.62955095,68.837119
2012-08-07,55.06875,86.03088075,68.27699
2012-08-08,55.35,86.6664777,68.4364012
2012-08-09,55.175,86.2716305,67.8845615
2012-08-10,55.285,86.728346,67.94637195
2012-08-13,55.345,86.794797,68.2567125
2012-08-14,55.635,87.21453935,68.545102
2012-08-15,55.525,87.08292,68.22690025
2012-08-16,55.775,87.76754095,68.9169851
2012-08-17,55.685,87.389256,68.68744875
2012-08-20,55.745,87.5781835,68.828352
2012-08-21,55.575,87.72236,69.30674945
2012-08-22,55.495,88.1316105,69.532461
2012-08-23,55.265,87.6558185,69.44378905
2012-08-24,55.495,87.7348215,69.449219
2012-08-27,55.69,87.934511,69.6041467
2012-08-28,55.655,88.035081,69.9252206
2012-08-29,55.695,88.1640721,69.80003785
2012-08-30,55.635,87.8170665,69.5854765
2012-08-31,55.525,88.104295,69.8487855
2012-09-03,55.535,88.22345735,69.89996145
2012-09-04,55.66,88.354685,69.947924
2012-09-05,55.91,88.916471,70.460578
2012-09-06,55.65,88.679112,70.2951337
2012-09-07,55.395,88.778798,71.00309645
2012-09-10,55.445,88.6404772,70.7356228
2012-09-11,55.255,88.785393,71.0109635
2012-09-12,55.22875,88.97738352,71.24508813
2012-09-13,55.345,89.382176,71.8765522
2012-09-14,54.305,88.047413,71.2921483
2012-09-17,54.0075,87.74868675,70.82867678
2012-09-18,53.995,87.7011101,70.43108
2012-09-19,54.02,87.61504,70.4771965
2012-09-20,54.265,87.996126,70.3654265
2012-09-21,53.375,86.6890075,69.2487265
2012-09-24,53.435,86.7009605,69.09546275
2012-09-25,53.375,86.4650989,68.8937815
2012-09-26,53.56,86.606521,68.95127005
2012-09-27,53.025,86.10650295,68.4947794
2012-09-28,52.86,85.4244055,67.9573471
2012-10-01,52.375,84.4992075,67.493044
2012-10-02,52.395,84.519947,67.683862
2012-10-03,52.235,83.993881,67.42755
2012-10-04,51.745,83.803616,67.35957245
2012-10-05,51.855,83.657673,67.57432595
2012-10-07,51.9,83.7251,67.5686
2012-10-08,52.645,84.34782,68.2705631
2012-10-09,52.735,84.386548,67.92716315
2012-10-10,53.05875,84.86216538,68.16643415
2012-10-11,52.685,84.54678155,68.121706
2012-10-12,52.82,84.9107935,68.4372919
2012-10-14,52.805,84.8629,68.3719
2012-10-15,53.015,85.2136615,68.6385215
2012-10-16,52.885,85.2670154,69.2568746
2012-10-17,52.87875,85.351591,69.3578844
2012-10-18,53.605,86.02262475,70.05583925
2012-10-19,53.84,86.1736145,70.1131425
2012-10-21,53.84,86.1332,70.0943
2012-10-22,53.47625,85.63954213,69.87474238
2012-10-23,53.735,85.7261335,69.7748985
2012-10-24,53.735,86.17885065,69.694296
2012-10-25,53.575,86.3789745,69.331676
2012-10-26,53.755,86.5213615,69.5562845
2012-10-28,53.55,86.1566,69.2134
2012-10-29,54.185,86.87995875,69.920326
2012-10-30,53.975,86.805295,69.9704915
2012-10-31,53.855,86.8842727,69.796082
2012-11-01,53.685,86.59444275,69.481812
2012-11-02,53.835,86.267897,69.10045385
2012-11-04,53.81,86.209,69.0006
2012-11-05,54.595,87.2417188,69.86658705
2012-11-06,54.435,87.0606185,69.7315079
2012-11-07,54.415,86.9633335,69.509722
2012-11-08,54.435,86.98985425,69.3752312
2012-11-09,54.685,86.89720175,69.5177619
2012-11-11,54.58,86.804,69.4039
2012-11-12,54.97,87.28411575,69.861374
2012-11-13,54.895,87.13209,69.72543375
2012-11-14,54.995,87.12225523,70.02046038
2012-11-15,54.895,87.0909185,70.164045
2012-11-16,55.175,87.6482475,70.269226
2012-11-18,55.16,87.6437,70.2904
2012-11-19,54.915,87.35603705,70.18548935
2012-11-20,55.115,87.7733945,70.63180235
2012-11-21,55.115,87.93322725,70.7070375
2012-11-22,55.225,88.039696,71.13449465
2012-11-23,55.5,88.9803775,72.0134725
2012-11-26,55.545,89.0572434,72.15240005
2012-11-27,55.465,88.83884705,71.75368473
2012-11-28,55.715,89.2220015,72.1481395
2012-11-29,54.725,87.798055,71.00951905
2012-11-30,54.265,86.9054,70.4484522
2012-12-02,54.84,87.974328,71.171352
2012-12-03,54.765,88.168913,71.5156973
2012-12-04,54.69,88.0484394,71.611088
2012-12-05,54.55625,87.79328207,71.29929089
2012-12-06,54.1375,86.84819103,70.16301323
2012-12-07,54.44,87.3081525,70.3664225
2012-12-09,54.33,87.074691,70.020504
2012-12-10,54.505,87.619514,70.532196
2012-12-11,54.275,87.48315935,70.6063485
2012-12-12,54.32,87.673025,71.001674
2012-12-13,54.465,87.748562,71.2146227
2012-12-14,54.485,88.088625,71.6940885
2012-12-16,54.43,88.089512,71.727854
2012-12-17,54.855,88.8555011,72.18424345
2012-12-18,54.85125,89.12615072,72.55366835
2012-12-19,54.56,88.6649118,72.0399343
2012-12-20,54.85435,89.28642663,72.66802677
2012-12-21,55.07,89.045439,72.6042905
2012-12-23,55.06,88.960442,72.558068
2012-12-24,54.96,88.595524,72.464763
2012-12-25,55.015,88.7364455,72.512522
2012-12-26,54.845,88.49816705,72.5196244
2012-12-27,54.9375,88.45624328,72.69549833
2012-12-28,54.76,88.5113285,72.3828657
2012-12-30,54.755,88.533359,72.353257
2012-12-31,54.995,89.336629,72.6027504
2013-01-01,54.685,88.89867285,72.2555645
2013-01-02,54.36,88.35402625,71.69567618
2013-01-03,54.5,87.6251019,71.0543765
2013-01-04,54.975,88.3420775,71.822091
2013-01-06,54.93,88.305468,71.826468
2013-01-07,55.225,89.06522425,72.49717225
2013-01-08,55.005,88.3380305,71.95121605
2013-01-09,54.77,87.733327,71.5030577
2013-01-10,54.57,88.2235953,72.4209394
2013-01-11,54.81,88.427716,73.1384665
2013-01-13,54.86,88.48918,73.29296
2013-01-14,54.505,87.6004375,72.9244203
2013-01-15,54.625,87.7528785,72.64087185
2013-01-16,54.695,87.5062581,72.66258175
2013-01-17,54.375,87.0135945,72.74178805
2013-01-18,53.81,85.426068,71.6738463
2013-01-20,53.73,85.156677,71.562987
2013-01-21,53.775,85.15002435,71.6121695
2013-01-22,53.8155,85.23864092,71.69462424
2013-01-23,53.675,84.9863125,71.4430359
2013-01-24,53.705,84.8001965,71.8460132
2013-01-25,53.8005,85.01286195,72.41924091
2013-01-27,53.785,85.017949,72.480666
2013-01-28,53.915,84.6004537,72.5016577
2013-01-29,53.7655,84.72206299,72.511649
2013-01-30,53.31,84.2060782,72.3384725
2013-01-31,53.2205,84.40345641,72.32160479
2013-02-01,53.2,83.5373025,72.6313025
2013-02-03,53.155,83.448034,72.583152
2013-02-04,53.28875,83.9236537,71.96459213
2013-02-05,53.15,83.227587,72.185674
2013-02-06,53.1605,83.26954639,71.8729975
2013-02-07,53.225,83.6404325,71.28903525
2013-02-08,53.5955,84.68357165,71.63360336
2013-02-10,53.58,84.60282,71.625744
2013-02-11,53.855,84.274998,72.15493
2013-02-12,53.855,84.4123276,72.4551712
2013-02-13,53.8,83.60009055,72.3491652
2013-02-14,53.925,83.54869945,72.033016
2013-02-15,54.3255,84.2995965,72.58701945
2013-02-17,54.04,84.00518,72.056936
2013-02-18,54.205,83.87031325,72.38291855
2013-02-19,54.1705,83.56503977,72.51263205
2013-02-20,54.07125,82.39106775,71.85528488
2013-02-21,54.48,83.0694714,71.85939385
2013-02-22,54.28,82.1337845,71.6251775
2013-02-24,54.265,81.994415,71.608094
2013-02-25,53.87995,81.71433292,70.38742008
2013-02-26,54.1,81.858713,70.6724547
2013-02-27,53.8655,81.67194984,70.75125769
2013-02-28,54.3705,82.44280542,71.04103976
2013-03-01,54.905,82.607319,71.52749
2013-03-03,54.9,82.52568,71.45235
2013-03-04,54.8655,82.92481559,71.46066966
2013-03-05,54.9255,83.11052145,71.65910381
2013-03-06,54.72,81.9951865,70.9964645
2013-03-07,54.595,81.96811445,71.5653099
2013-03-08,54.3505,81.10997055,70.65184734
2013-03-10,54.34,81.042676,70.61483
2013-03-11,54.415,81.130045,70.924512
2013-03-12,54.1805,80.71892247,70.57552155
2013-03-13,54.305,81.0200736,70.37330655
2013-03-14,54.365,82.012322,70.726147
2013-03-15,54.02,81.64853025,70.6581625
2013-03-17,54.02,81.602612,69.65879
2013-03-18,54.18,81.7803763,70.13140513
2013-03-19,54.405,82.135229,69.97707155
2013-03-20,54.3725,82.05680246,70.3253921
2013-03-21,54.285,82.34844555,70.0121792
2013-03-22,54.35,82.783205,70.5829888
2013-03-24,54.32,82.740224,70.485632
2013-03-25,54.185,82.2357623,69.6659258
2013-03-26,54.37,82.4409605,69.9271606
2013-03-27,54.385,82.27335665,69.495874
2013-03-28,54.2855,82.47026164,69.57772835
2013-03-29,54.29,82.545233,69.5981538
2013-03-31,54.28,82.473032,69.489256
2013-04-01,54.305,82.676648,69.752058
2013-04-02,54.4305,82.21237218,69.8016762
2013-04-03,54.5305,82.51528089,70.04415554
2013-04-04,54.89,83.630405,70.9988442
2013-04-05,54.81,84.06484,71.198191
2013-04-08,54.58,83.3049103,71.0500621
2013-04-09,54.48,83.46145585,71.26529
2013-04-10,54.49,83.5211841,71.2113476
2013-04-11,54.3055,83.55254255,71.17984989
2013-04-12,54.6205,83.7905799,71.56978923
2013-04-15,54.635,83.54675055,71.28993395
2013-04-16,54.15,83.196061,71.36455608
2013-04-17,54.1805,82.584629,70.62184442
2013-04-18,54.005,82.53557185,70.4821979
2013-04-19,53.94,82.1695015,70.4294605
2013-04-22,54.22,82.90102595,70.82759
2013-04-23,54.3115,82.7734432,70.60793808
2013-04-24,54.2805,82.87004085,70.63738655
2013-04-25,54.125,83.5717125,70.432865
2013-04-26,54.38,84.027978,70.8517045
2013-04-29,54.195,83.97135955,70.96076575
2013-04-30,53.6855,83.38888296,70.6850147
2013-05-01,53.685,83.52607665,70.77293625
2013-05-02,53.825,83.60610435,70.3046006
2013-05-03,53.8105,83.7856409,70.57032021
2013-05-06,54.1355,84.13387533,70.77864786
2013-05-07,54.0655,83.7150217,70.69902227
2013-05-08,54.085,84.05079525,71.1650435
2013-05-09,54.33,83.93795,70.8536559
2013-05-10,54.8105,84.1916704,71.21528453
2013-05-13,54.835,83.9011147,71.1780236
2013-05-14,54.805,83.3863562,70.8765665
2013-05-15,54.785,83.40139805,70.56171105
2013-05-16,54.805,83.7203931,70.61624335
2013-05-17,54.8855,83.2585611,70.43456403
2013-05-20,55.085,84.048694,70.9673833
2013-05-21,55.4355,83.99088161,71.55060135
2013-05-22,55.6605,83.72786441,71.53459709
2013-05-23,55.715,84.17422295,72.0548173
2013-05-24,55.795,84.398308,72.173624
2013-05-27,55.5725,83.9839425,71.87469475
2013-05-28,56.1155,84.3710586,72.1308667
2013-05-29,56.3055,85.19191217,72.87226764
2013-05-30,56.39,85.929904,73.577674
2013-05-31,56.545,85.911647,73.4479981
2013-06-03,56.6755,86.80844785,74.08678111
2013-06-04,56.4955,86.52879084,73.91730045
2013-06-05,56.8555,87.59442645,74.44261227
2013-06-06,56.93,88.7720896,75.3719046
2013-06-07,57.065,88.7731685,75.43422475
2013-06-10,58.16,90.5661719,77.10300345
2013-06-11,58.3405,91.27546389,77.66549986
2013-06-12,57.82,90.6530895,77.1133785
2013-06-13,57.995,91.16582105,77.562514
2013-06-14,57.535,90.344335,76.7890885
2013-06-17,57.8713,90.96442499,77.33862706
2013-06-18,58.845,92.0335805,78.81993605
2013-06-19,58.7205,90.93779754,78.05334461
2013-06-20,59.58,92.39815578,78.806467
2013-06-21,59.2755,91.4117142,77.79731736
2013-06-23,59.64,91.80087,78.1284
2013-06-24,59.8155,92.32522575,78.49767624
2013-06-25,59.665,92.0302805,78.0668796
2013-06-26,60.725,92.9991234,78.9862225
2013-06-27,60.195,91.8662994,78.4858532
2013-06-28,59.495,90.482972,77.41251545
2013-06-30,59.66,90.710047,77.635558
2013-07-01,59.3855,90.37582505,77.56963782
2013-07-02,59.5555,90.2593399,77.31167571
2013-07-03,60.225,92.01356325,78.34670335
2013-07-04,60.185,90.7204624,77.71207645
2013-07-05,60.245,89.725892,77.29674605
2013-07-08,60.695,90.7117135,78.089277
2013-07-09,60.1025,89.34537175,76.850062
2013-07-10,59.895,90.1293987,77.93926785
2013-07-11,59.83,90.84737,78.3527712
2013-07-12,59.8915,90.45113975,78.2590271
2013-07-14,59.935,90.56478175,78.311071
2013-07-15,59.9,90.4418138,78.265342
2013-07-16,59.3,89.8223056,77.9842451
2013-07-17,59.33,90.270596,77.870627
2013-07-18,59.68,90.88369,78.2524175
2013-07-19,59.395,90.687257,78.05572235
2013-07-21,59.445,90.74576475,78.098841
2013-07-22,59.725,91.74058685,78.7593585
2013-07-23,59.77,91.893389,79.0264011
2013-07-24,59.1362,90.57004786,78.059785
2013-07-25,58.97,90.722399,78.292406
2013-07-26,59.0455,90.8326468,78.39884541
2013-07-28,58.975,90.72419125,78.3129025
2013-07-29,59.275,90.9367425,78.6202859
2013-07-30,60.815,92.67749935,80.665017
2013-07-31,60.635,92.1639877,80.6360613
2013-08-01,60.5655,91.55686785,80.01217451
2013-08-02,61.105,93.41427,81.15232965
2013-08-04,60.94,93.149837,80.92832
2013-08-05,60.86,93.4718315,80.694276
2013-08-06,60.7905,93.3164589,80.88601746
2013-08-07,61.2105,94.81629006,81.62909934
2013-08-08,60.7315,94.36764315,81.26117814
2013-08-09,60.865,94.3803135,81.178695
2013-08-12,61.28,94.7321411,81.4870805
2013-08-13,61.455,94.9212424,81.4905599
2013-08-14,61.295,95.0271716,81.2710415
2013-08-15,61.45,96.1415987,82.0575652
2013-08-16,61.71,96.387937,82.2600496
2013-08-18,62.48,97.665612,83.367064
2013-08-19,63.135,98.79933095,84.1905245
2013-08-20,63.365,99.283451,85.035832
2013-08-21,64.1155,100.40808065,85.6454879
2013-08-22,64.415,100.3972202,86.0358955
2013-08-23,63.36,98.6736985,84.7946905
2013-08-26,64.255,100.102223,85.92050215
2013-08-27,66.26,103.001171,88.7214799
2013-08-28,68.83,106.8561679,91.81578
2013-08-29,66.6,103.23965905,88.16674655
2013-08-30,65.71,101.82750275,86.83642335
2013-09-02,66.02,102.64426588,87.12329365
2013-09-03,67.735,105.3888875,89.179902
2013-09-04,67.095,104.832584,88.59223835
2013-09-05,66.12,103.07447,86.73258055
2013-09-06,65.25,102.02816375,85.99623875
2013-09-09,65.25,102.42064188,86.49213775
2013-09-10,63.625,100.1012135,84.398881
2013-09-11,63.2755,100.14297195,84.22285465
2013-09-12,63.625,100.56694875,84.633976
2013-09-13,63.5,100.82212625,84.40420125
2013-09-15,63.375,101.06728125,84.7767375
2013-09-16,63.296,100.62481676,84.4242056
2013-09-17,63.186,100.51218225,84.4006997
2013-09-18,63.585,102.64908175,85.9278155
2013-09-19,62.195,99.7044945,84.1616524
2013-09-20,62.725,100.3819575,84.8261575
2013-09-23,62.685,100.5624125,84.58714
2013-09-24,62.75,100.42196375,84.530527
2013-09-25,62.45,100.41897665,84.45519478
2013-09-26,62.08,99.563905,83.73381478
2013-09-27,62.5025,100.93841363,84.52213201
2013-09-29,63.05,101.7973775,85.035535
2013-09-30,62.585,101.2819321,84.6336965
2013-10-01,62.615,101.3956015,84.6867885
2013-10-02,62.46,101.3569672,84.820684
2013-10-03,61.965,100.1236676,84.4025275
2013-10-04,61.385,98.3050095,83.228853
2013-10-06,61.43,98.552149,83.36051
2013-10-07,61.805,99.4411585,83.91574175
2013-10-08,61.955,99.6484225,84.0915225
2013-10-09,61.83,98.6392556,83.637443
2013-10-10,61.36,97.991921,82.9691516
2013-10-11,60.985,97.292421,82.60784285
2013-10-12,61.01,97.326205,82.6337768
2013-10-13,61.025,97.45876075,82.7560125
2013-10-14,61.555,98.3793561,83.4805836
2013-10-15,61.836,98.91039292,83.6270072
2013-10-16,61.455,98.048381,83.1774997
2013-10-17,61.105,98.767068,83.5445895
2013-10-18,61.245,99.0852245,83.819909
2013-10-19,61.25,99.019815,83.8243025
2013-10-20,61.246,99.08041125,83.8182135
2013-10-21,61.585,99.4105075,84.22888095
2013-10-22,61.6555,100.09462335,84.9612805
2013-10-23,61.5805,99.54580327,84.8302189
2013-10-24,61.4705,99.58344069,84.8292915
2013-10-25,61.4655,99.37127535,84.85496859
2013-10-26,61.4655,99.39278865,84.84882204
2013-10-27,61.475,99.457329,84.8908275
2013-10-28,61.515,99.263681,84.80458
2013-10-29,61.455,98.65064,84.4975525
2013-10-30,61.2405,98.1838335,84.0617727
2013-10-31,61.5055,98.65051714,83.5490727
2013-11-01,61.7505,98.32841055,83.29092879
2013-11-02,61.7505,98.3345856,83.28845877
2013-11-03,61.76,98.39881205,83.34357695
2013-11-04,61.7505,98.5661496,83.43110205
2013-11-05,61.63,98.88841775,83.02485475
2013-11-06,62.48,100.4772145,84.43391125
2013-11-07,62.42,100.4743555,83.742673
2013-11-08,62.5,100.0968775,83.5437525
2013-11-09,62.565,100.2072335,83.62312895
2013-11-10,62.5,100.0418774,83.50718855
2013-11-11,63.25,101.10354408,84.805601
2013-11-12,63.7205,101.3442711,85.60020846
2013-11-13,63.31,101.56760075,85.3887305
2013-11-14,63.1205,101.37089292,84.9349463
2013-11-15,62.985,101.5318235,85.0001483
2013-11-16,62.85,101.29849,84.802879
2013-11-17,62.721,101.11942422,84.6357192
2013-11-18,62.4205,100.55630635,84.28328125
2013-11-19,62.3705,100.51162118,84.42252662
2013-11-20,62.5805,100.76587032,84.0956774
2013-11-21,62.92,101.89988488,84.8098685
2013-11-22,62.87,102.012865,85.254868
2013-11-23,62.855,101.9728105,85.2156675
2013-11-24,62.825,101.9684313,85.1561465
2013-11-25,62.49,100.99946375,84.4839809
2013-11-26,62.51,101.33777473,84.81982
2013-11-27,62.1505,101.22762875,84.36650777
2013-11-28,62.4205,101.9732517,84.9043656
2013-11-29,62.405,102.1413875,84.805276
2013-11-30,62.405,102.141385,84.7977874
2013-12-01,62.47,102.2905662,84.9020411
2013-12-02,62.32,101.91719733,84.381285
2013-12-03,62.3715,102.21129595,84.78469885
2013-12-04,62.06,101.6728995,84.34202265
2013-12-05,61.63,100.69109775,84.26362125
2013-12-06,61.455,100.472781,84.214861
2013-12-07,61.435,100.424724,84.18315305
2013-12-08,61.435,100.4339385,84.248888
2013-12-09,61.1405,100.4049306,83.9825923
2013-12-10,61.04,100.386385,83.984937
2013-12-11,61.2555,100.31507145,84.4468338
2013-12-12,61.82,101.05406425,85.00559125
2013-12-13,62.16,101.3363425,85.3929241
2013-12-14,62.16,101.3114785,85.4016265
2013-12-15,62.1965,101.37407665,85.43093634
2013-12-16,61.7405,100.62158175,84.9657327
2013-12-17,62.0205,100.9104549,85.40688045
2013-12-18,62.1,101.73780965,84.940381
2013-12-19,62.1505,101.72794065,84.8835997
2013-12-20,61.97,101.231096,84.74398
2013-12-21,61.97,101.24349,84.7495548
2013-12-22,62.03,101.3039864,84.810209
2013-12-23,61.9635,101.33511015,84.87698349
2013-12-24,61.7555,101.03879643,84.4537344
2013-12-25,61.7555,100.98877065,84.49387585
2013-12-26,62.145,102.017233,85.08272
2013-12-27,61.945,102.094655,85.25366585
2013-12-28,61.945,102.069875,85.16818175
2013-12-29,61.95,102.1363479,85.286566
2013-12-30,61.84,101.96488525,85.29406005
2013-12-31,61.86,102.5147032,85.094618
2014-01-01,61.91,102.55763105,85.15782485
2014-01-02,62.2705,102.40695265,85.07893949
2014-01-03,62.195,102.1024235,84.52425015
2014-01-04,62.185,102.067351,84.49449185
2014-01-05,62.195,102.0162832,84.538554
2014-01-06,62.3155,102.27188789,84.9578379
2014-01-07,62.3055,102.18413565,84.8289405
2014-01-08,62.1655,102.2435986,84.40334349
2014-01-09,62.0955,102.29737019,84.4747197
2014-01-10,61.475,101.32617,84.0135805
2014-01-11,61.46,101.3075935,83.9998429
2014-01-12,61.445,101.26566215,83.9891715
2014-01-13,61.4905,100.7706323,84.03599273
2014-01-14,61.4905,101.0657873,84.08211053
2014-01-15,61.555,100.7572287,83.736347
2014-01-16,61.5415,100.6326614,83.78936852
2014-01-17,61.6,101.1749225,83.3922345
2014-01-18,61.6,101.1379625,83.3799145
2014-01-19,61.555,101.042533,83.3008433
2014-01-20,61.6255,101.250698,83.55493515
2014-01-21,61.8855,101.95636275,83.90436315
2014-01-22,61.8205,102.4520255,83.7544149
2014-01-23,61.9375,103.04170336,84.80637407
2014-01-24,62.735,103.406104,85.8108163
2014-01-25,62.735,103.453153,85.80642485
2014-01-26,62.68,103.2872405,85.7481214
2014-01-27,63.1055,104.6162994,86.27373853
2014-01-28,62.525,103.592984,85.36381985
2014-01-29,62.4755,103.44630927,85.3665247
2014-01-30,62.5655,103.14579752,84.78814092
2014-01-31,62.5,102.743756,84.325005
2014-02-01,62.5,102.7468775,84.3087525
2014-02-02,62.505,102.71821745,84.294244
2014-02-03,62.5655,102.01148463,84.63235185
2014-02-04,62.5315,102.08892885,84.50444444
2014-02-05,62.6015,102.09052685,84.73519971
2014-02-06,62.3815,101.8066093,84.78581638
2014-02-07,62.285,102.2159155,84.93182725
2014-02-08,62.2925,102.23756688,84.92897283
2014-02-09,62.096,101.89829476,84.58406696
2014-02-10,62.4555,102.45012966,85.20804165
2014-02-11,62.2265,102.35637115,84.86885721
2014-02-12,62.0955,103.18750862,84.42380057
2014-02-13,62.4255,103.97435273,85.39402706
2014-02-14,61.83,103.549795,84.6625849
2014-02-15,61.83,103.543612,84.6737143
2014-02-16,61.835,103.6311317,84.717042
2014-02-17,61.855,103.38166765,84.78279485
2014-02-18,62.215,103.7746215,85.60348555
2014-02-19,62.2405,103.82244508,85.48141447
2014-02-20,62.2405,103.64039203,85.38058471
2014-02-21,62.145,103.2632405,85.38101675
2014-02-22,62.13,103.294234,85.3566817
2014-02-23,62.016,103.14687232,85.1944802
2014-02-24,62.075,103.39491395,85.2507015
2014-02-25,61.9855,103.38406675,85.20278956
2014-02-26,61.9855,103.31743215,84.82777728
2014-02-27,61.985,103.4467669,84.978336
2014-02-28,61.775,103.44225,85.2661855
2014-03-01,61.831,103.520554,85.34471324
2014-03-02,61.775,103.3730555,85.08795975
2014-03-03,62.055,103.411556,85.24340225
2014-03-04,61.91,103.16713493,85.0668189
2014-03-05,61.75,103.26144,84.8213441
2014-03-06,61.115,102.303455,84.70997425
2014-03-07,61.09,102.121104,84.7605448
2014-03-08,61.09,102.139428,84.7629884
2014-03-09,61.105,102.1956728,84.786244
2014-03-10,60.83,101.26674275,84.4119666
2014-03-11,60.955,101.30324845,84.4775355
2014-03-12,61.24,101.7912923,85.1327872
2014-03-13,61.16,101.6693265,84.81669
2014-03-14,61.215,101.901551,85.1580242
2014-03-15,61.195,101.868258,85.1289777
2014-03-16,61.215,101.8259502,85.1167033
2014-03-17,61.055,101.574151,85.02885655
2014-03-18,61.125,101.43205025,85.15048975
2014-03-19,60.975,100.8172852,84.285744
2014-03-20,61.325,101.21875295,84.4935865
2014-03-21,60.92,100.432715,84.0324413
2014-03-22,60.92,100.4357605,84.0306137
2014-03-23,60.93,100.4278741,84.0264315
2014-03-24,60.785,100.2566523,84.1091164
2014-03-25,60.495,100.01215285,83.6431104
2014-03-26,60.14,99.7079115,82.92494235
2014-03-27,60.31,100.1592298,82.88433478
2014-03-28,59.885,99.6366635,82.35864405
2014-03-29,59.885,99.6396585,82.3568475
2014-03-30,59.885,99.6639119,82.36403315
2014-03-31,59.92,99.87076295,82.54249665
2014-04-01,60.025,99.81647365,82.7930832
2014-04-02,59.925,99.6193205,82.4918563
2014-04-03,60.225,99.937366,82.613644
2014-04-04,60.095,99.6224875,82.37101585
2014-04-05,60.095,99.6104685,82.35058355
2014-04-06,60.09,99.5910672,82.319094
2014-04-07,60.125,99.86041375,82.626785
2014-04-08,60.095,100.6441015,82.895044
2014-04-09,60.13,100.9642835,83.2908744
2014-04-10,60.08,100.8460832,83.430093
2014-04-11,60.2,100.73267,83.58891025
2014-04-12,60.2,100.7416925,83.5955285
2014-04-13,60.17,100.6941955,83.3544048
2014-04-14,60.2,100.684502,83.202422
2014-04-15,60.315,100.8889015,83.3176332
2014-04-16,60.39,101.4437269,83.4327115
2014-04-17,60.305,101.2783303,83.3026144
2014-04-18,60.285,101.227559,83.27408315
2014-04-19,60.28,101.2191655,83.2623553
2014-04-20,60.29,101.2941359,83.2954592
2014-04-21,60.615,101.7944069,83.6038455
2014-04-22,60.889,102.44452542,84.05422155
2014-04-23,61.115,102.5509725,84.448712
2014-04-24,61.125,102.699169,84.5462665
2014-04-25,60.645,101.9139275,83.8993265
2014-04-26,60.655,101.91557,83.91134635
2014-04-27,60.655,101.90101255,83.95440815
2014-04-28,60.66,101.96127215,84.0171335
2014-04-29,60.4265,101.66214884,83.46349951
2014-04-30,60.33,101.79480975,83.65086323
2014-05-01,60.2715,101.78650985,83.57487296
2014-05-02,60.17,101.52785075,83.45819805
2014-05-03,60.17,101.52785075,83.46301165
2014-05-04,60.17,101.5416907,83.4714348
2014-05-05,60.225,101.59356,83.5652
2014-05-06,60.025,101.883434,83.5938165
2014-05-07,60.09,101.8813945,83.5954063
2014-05-08,59.94,101.48831145,82.9419755
2014-05-09,59.975,101.0788675,82.51360625
2014-05-10,59.975,101.06088,82.5130115
2014-05-11,60.01,101.116852,82.5611593
2014-05-12,60.07,101.3260774,82.6464091
2014-05-13,59.475,100.07620425,81.50513535
2014-05-14,59.5,99.7606755,81.59978835
2014-05-15,59.435,99.7973095,81.488357
2014-05-16,58.57,98.5001,80.2075176
2014-05-17,58.57,98.494243,80.2174745
2014-05-18,58.57,98.5030273,80.2262585
2014-05-19,58.3755,98.157821,80.02755746
2014-05-20,58.5905,98.65761373,80.2601983
2014-05-21,58.6955,99.18717876,80.33007532
2014-05-22,58.2855,98.3130675,79.59438801
2014-05-23,58.445,98.3775525,79.657619
2014-05-24,58.445,98.3658635,79.6622946
2014-05-25,58.545,98.5575805,79.7658067
2014-05-26,58.66,98.795174,80.03658495
2014-05-27,59.04,99.24063275,80.5010405
2014-05-28,58.9455,98.50795206,80.12874509
2014-05-29,58.91,98.482793,80.1317394
2014-05-30,59.205,99.189103,80.72602375
2014-05-31,59.205,99.2187055,80.717143
2014-06-01,59.1955,99.24776876,80.7080329
2014-06-02,59.1555,99.07658955,80.45805
2014-06-03,59.325,99.39064365,80.869146
2014-06-04,59.34,99.31735865,80.69943375
2014-06-05,59.2605,99.64949565,80.65695
2014-06-06,59.085,99.2746205,80.60375825
2014-06-07,59.045,99.2103625,80.5568661
2014-06-08,59.195,99.491997,80.772762
2014-06-09,59.2055,99.4800425,80.47033974
2014-06-10,59.195,99.1687923,80.17715
2014-06-11,59.28,99.53201003,80.3618
2014-06-12,59.2955,100.3502229,80.28655
2014-06-13,59.67,101.23911075,80.79318525
2014-06-14,59.68,101.2501065,80.8055289
2014-06-15,59.7105,101.3520071,80.84025546
2014-06-16,60.1855,102.20160091,81.6723
2014-06-17,60.3305,102.32656285,81.7267122
2014-06-18,60.2755,102.41560958,81.90235053
2014-06-19,60.0955,102.40153129,81.9097
2014-06-20,60.2455,102.49265875,81.93267697
2014-06-21,60.2455,102.49265875,81.92604996
2014-06-22,60.19,102.42803228,81.8108504
2014-06-23,60.1605,102.45032535,81.84695
2014-06-24,60.1605,102.17057865,81.83753211
2014-06-25,60.0855,102.0311886,81.90224556
2014-06-26,60.2105,102.52071997,81.96094215
2014-06-27,60.02,102.2530755,81.9188997
2014-06-28,60.02,102.2410715,81.9158987
2014-06-29,60.04,102.284146,81.91827685
2014-06-30,60.0605,102.76561788,82.253
2014-07-01,60.0355,102.9698897,82.12136019
2014-07-02,59.6925,102.45680468,81.52354028
2014-07-03,59.62,102.263803,81.13775295
2014-07-04,59.77,102.562333,81.2531336
2014-07-05,59.77,102.562334,81.2537313
2014-07-06,59.73,102.5145995,81.19397675
2014-07-07,59.955,102.6999185,81.57387655
2014-07-08,59.7555,102.36714855,81.345
2014-07-09,59.7655,102.52711887,81.5231305
2014-07-10,60.16805,103.08110737,81.87337367
2014-07-11,60.016,102.72038905,81.66557593
2014-07-12,60.025,102.7417975,81.6802255
2014-07-13,60.034,102.78001357,81.68736417
2014-07-14,60.08,102.64157358,81.82805938
2014-07-15,60.1255,103.06833574,81.58128483
2014-07-16,60.091,102.9839564,81.28209265
2014-07-17,60.629,103.1596791,81.61498015
2014-07-18,60.33,103.097943,81.5999473
2014-07-19,60.44,103.2708085,81.7420805
2014-07-20,60.2855,102.9766781,81.56839221
2014-07-21,60.255,102.8854135,81.4858495
2014-07-22,60.1055,102.56041992,80.93596355
2014-07-23,60.0205,102.28213559,80.80710038
2014-07-24,60.1255,102.13518745,80.9011
2014-07-25,60.06,101.9488485,80.6936145
2014-07-26,60.06,101.9608615,80.6641861
2014-07-27,60.1,102.0317705,80.71099498
2014-07-28,60.0905,102.05259785,80.75892872
2014-07-29,60.1305,101.87159108,80.62898828
2014-07-30,60.0655,101.57796986,80.85915
2014-07-31,60.5555,102.2509899,81.07473155
2014-08-01,60.83,102.319104,81.7007755
2014-08-02,61.095,102.7831745,82.0353125
2014-08-03,61.2155,103.0042622,82.2032353
2014-08-04,60.9455,102.75838031,81.80623088
2014-08-05,60.8505,102.73937622,81.67325
2014-08-06,61.5005,103.64617885,82.0086
2014-08-07,61.24,103.08498633,82.13905
2014-08-08,61.22,102.696554,82.1021445
2014-08-09,61.15,102.58218375,82.00948925
2014-08-10,61.1455,102.5593479,81.9777726
2014-08-11,61.131,102.62733531,81.82235
2014-08-12,61.0855,102.6969441,81.65451593
2014-08-13,61.23,102.1849111,81.61285
2014-08-14,60.775,101.4061275,81.2227515
2014-08-15,60.79,101.485868,81.4525235
2014-08-16,60.895,101.6550695,81.5913849
2014-08-17,60.87,101.777684,81.5180174
2014-08-18,60.795,101.6945328,81.2339756
2014-08-19,60.6755,100.82083857,80.90255
2014-08-20,60.6155,100.58899913,80.36221189
2014-08-21,60.6755,100.60301315,80.58919948
2014-08-22,60.49,100.231935,80.1135634
2014-08-23,60.44,100.1641925,80.0376725
2014-08-24,60.4705,100.02274308,79.7605904
2014-08-25,60.575,100.37701565,79.90811775
2014-08-26,60.455,100.1501776,79.74615
2014-08-27,60.4555,100.1989466,79.74685005
2014-08-28,60.62,100.5655515,79.9226215
2014-08-29,60.515,100.4518755,79.4931104
2014-08-30,60.515,100.4518755,79.4931104
2014-08-31,60.5205,100.41258945,79.5627
2014-09-01,60.484,100.49175015,79.42214821
2014-09-02,60.62,99.82871435,79.6007292
2014-09-03,60.48,99.54887075,79.4155
2014-09-04,60.38,98.37291115,78.18765
2014-09-05,60.21,98.30788,77.9821882
2014-09-06,60.21,98.30788,77.9821882
2014-09-07,60.31,97.77607975,78.1141151
2014-09-08,60.315,97.0800145,77.7517678
2014-09-09,60.89,98.1714267,78.79135
2014-09-10,60.845,98.5646419,78.54215
2014-09-11,60.91,98.9750969,78.7100348
2014-09-12,60.79,98.871898,78.780803
2014-09-13,60.8075,98.90036025,78.8034815
2014-09-14,60.66,98.61981525,79.09505
2014-09-15,61.135,99.2080442,79.108691
2014-09-16,61.06,99.31256425,79.1209384
2014-09-17,60.9155,99.08911237,78.4382
2014-09-18,60.835,99.9747189,78.53265
2014-09-19,60.84,99.1174885,78.0638065
2014-09-20,60.83,99.101197,78.0509755
2014-09-21,60.8605,99.31885961,78.14670819
2014-09-22,61.01,99.8733715,78.3996813
2014-09-23,61.05,99.93206575,78.47825
2014-09-24,60.97,99.51279555,77.7112
2014-09-25,61.35,100.19160563,78.44485
2014-09-26,61.225,99.463075,77.6584035
2014-09-27,61.225,99.463075,77.6584035
2014-09-28,61.38,99.6749823,77.8037
2014-09-29,61.5605,99.98102463,78.12119855
2014-09-30,61.885,100.3356979,78.1471406
2014-10-01,61.73,99.74936288,77.9112
2014-10-02,61.61,99.55251885,78.05494165
2014-10-03,61.56,98.3082445,77.0417269
2014-10-04,61.56,98.3082445,77.0417269
2014-10-05,61.61,98.33294913,77.09105338
2014-10-06,61.44,98.7678745,77.51095
2014-10-07,61.305,98.6182885,77.6452352
2014-10-08,61.37,99.1874229,78.1930518
2014-10-09,60.945,98.2421213,77.328845
2014-10-10,61.34,98.58871625,77.44543165
2014-10-11,61.24,98.427995,77.3191794
2014-10-12,61.255,98.57767215,77.4260138
2014-10-13,61.0105,98.01642065,77.5913
2014-10-14,61.42,97.59883735,77.6539
2014-10-15,61.3805,98.13453027,78.95985
2014-10-16,61.7305,99.34937637,79.04127565
2014-10-17,61.46,98.8983615,78.4235771
2014-10-18,61.46,98.8983615,78.4235771
2014-10-19,61.44,98.86126155,78.14505
2014-10-20,61.2355,98.93513745,78.34837358
2014-10-21,61.13,98.53180163,77.69185
2014-10-22,61.21,98.20839075,77.39195
2014-10-23,61.28,98.20671585,77.5167493
2014-10-24,61.28,98.59032925,77.63992285
2014-10-25,61.28,98.59032925,77.63992285
2014-10-26,61.1705,98.4141599,77.54584435
2014-10-27,61.3055,98.84898925,77.86656807
2014-10-28,61.155,98.71946,77.89587605
2014-10-29,61.2905,98.0923826,77.41878889
2014-10-30,61.45,98.313856,77.48384183
2014-10-31,61.48,98.3403415,76.9975595
2014-11-01,61.48,98.3403415,76.9975595
2014-11-02,61.525,98.27757575,76.92009325
2014-11-03,61.41,98.11230085,76.716443
2014-11-04,61.2955,98.10252926,76.94025728
2014-11-05,61.38,97.9851913,76.58130041
2014-11-06,61.5005,97.41925255,76.13977223
2014-11-07,61.41,97.454602,76.458523
2014-11-08,61.41,97.466884,76.4763319
2014-11-09,61.475,97.6339811,76.610146
2014-11-10,61.495,97.47357255,76.4078454
2014-11-11,61.56,98.03891738,76.808413
2014-11-12,61.4,97.01365698,76.47212883
2014-11-13,61.57,96.6716733,76.80211078
2014-11-14,61.73,96.7247385,77.29460345
2014-11-15,61.73,96.72782475,77.30324565
2014-11-16,61.77,96.7577645,77.3338788
2014-11-17,61.805,96.6469513,76.93826355
2014-11-18,61.74,96.48634715,77.3738033
2014-11-19,61.9455,97.08067866,77.67779901
2014-11-20,61.9305,97.18629602,77.68004613
2014-11-21,61.69,96.59112,76.4394646
2014-11-22,61.69,96.59112,76.4363801
2014-11-23,61.7675,96.63587255,76.4165894
2014-11-24,61.8605,97.11077836,76.91672815
2014-11-25,61.85,97.240573,77.1866365
2014-11-26,61.7955,97.56335448,77.27527275
2014-11-27,61.8605,97.27656547,77.08065832
2014-11-28,62.24,97.3713705,77.4788441
2014-11-29,62.24,97.3713705,77.4775993
2014-11-30,62.2105,97.12178959,77.36840039
2014-12-01,61.9555,97.47304035,77.25912903
2014-12-02,61.7955,96.68802104,76.54732214
2014-12-03,61.8635,97.08177259,76.18675691
2014-12-04,61.915,97.039381,76.6414835
2014-12-05,61.865,96.3856725,76.0073405
2014-12-06,61.865,96.3856725,76.0073405
2014-12-07,61.865,96.283594,76.00734
2014-12-08,61.875,96.8622205,76.2114385
2014-12-09,62.04495,97.31347538,76.86252691
2014-12-10,62.27895,98.08934926,77.74156951
2014-12-11,62.52595,98.28642289,77.48966288
2014-12-12,62.64495,98.45907213,78.07753695
2014-12-13,62.64495,98.45907213,78.07753695
2014-12-14,62.64495,98.50166789,78.08097954
2014-12-15,63.62395,99.53108217,79.15105801
2014-12-16,63.82395,100.47646717,79.84951421
2014-12-17,63.31995,98.60689797,78.11909228
2014-12-18,63.00095,98.69854889,77.4180878
2014-12-19,63.34495,98.98603416,77.46772262
2014-12-20,63.34495,98.98603416,77.46772262
2014-12-21,63.34495,98.99264214,77.43762064
2014-12-22,63.22495,98.49341477,77.28175536
2014-12-23,63.39595,98.4032066,77.18616216
2014-12-24,63.46945,98.74263996,77.37846853
2014-12-25,63.47495,98.76227697,77.49658147
2014-12-26,63.78545,99.237498,77.8346359
2014-12-27,63.78545,99.237498,77.8346359
2014-12-28,63.715,99.0902062,77.5347865
2014-12-29,63.7,98.8286397,77.4228913
2014-12-30,63.31995,98.56542262,77.00846076
2014-12-31,63.16395,98.47286073,76.45062573
2015-01-01,63.16495,98.40752891,76.35380657
2015-01-02,63.24495,96.93870837,75.906604
2015-01-03,63.24495,96.93870837,75.906604
2015-01-04,63.24495,96.66864793,75.55874402
2015-01-05,63.48445,96.85949647,75.78551528
2015-01-06,63.514,96.12748667,75.40699665
2015-01-07,63.14995,95.41916932,74.7716349
2015-01-08,62.50795,94.28543355,73.68374921
2015-01-09,62.305,94.043168,73.58405
2015-01-10,62.12095,94.17847178,73.57294965
2015-01-11,62.12095,94.37414925,73.72514547
2015-01-12,62.07095,94.17404735,73.44235005
2015-01-13,61.96095,93.9814401,72.97203083
2015-01-14,62.16895,94.7044489,73.25958019
2015-01-15,61.90595,93.97478697,72.03593402
2015-01-16,61.62095,93.32494385,71.23998331
2015-01-17,61.62095,93.32494385,71.23998331
2015-01-18,61.62095,93.30243788,71.25476993
2015-01-19,61.66345,93.04182178,71.50185359
2015-01-20,61.77595,93.56061023,71.32435304
2015-01-21,61.54795,93.20390827,71.48702118
2015-01-22,61.38995,92.11746315,69.63554166
2015-01-23,61.39595,92.0296251,68.80340114
2015-01-24,61.39595,92.0296251,68.80340114
2015-01-25,61.39595,92.05617542,68.40952358
2015-01-26,61.43395,92.67526459,69.1397357
2015-01-27,61.38895,93.23662078,69.78757399
2015-01-28,61.22995,92.70246079,69.07596057
2015-01-29,61.78545,93.16133775,70.03040964
2015-01-30,62.09695,93.55840935,70.07645851
2015-01-31,62.09695,93.55840935,70.07645851
2015-02-01,62.09695,93.67326349,70.21706163
2015-02-02,61.75645,92.79833012,70.02965302
2015-02-03,61.60045,93.26893376,70.58025587
2015-02-04,61.81745,93.82003527,69.96189927
2015-02-05,61.74645,94.59556291,70.83182288
2015-02-06,62.04895,94.6106678,70.20839195
2015-02-07,62.04895,94.52228557,70.20839195
2015-02-08,62.04895,94.54491661,70.20218264
2015-02-09,62.15745,94.59245124,70.40014982
2015-02-10,62.32745,95.10389819,70.55155733
2015-02-11,62.40645,95.12677626,70.5879359
2015-02-12,62.14445,95.64279478,70.86922032
2015-02-13,62.07995,95.59384557,70.7090931
2015-02-14,62.07995,95.59384557,70.7090931
2015-02-15,62.07995,95.61274765,70.75686552
2015-02-16,62.23145,95.55359186,70.52223527
2015-02-17,62.15745,95.42971164,70.88249149
2015-02-18,62.08945,95.83568735,70.77980014
2015-02-19,62.17445,95.86740673,70.66685835
2015-02-20,62.13495,95.67235221,70.73757456
2015-02-21,62.13495,95.67235221,70.73757456
2015-02-22,62.13495,95.61140146,70.71237103
2015-02-23,62.17645,96.07505092,70.46301672
2015-02-24,61.96595,95.77674676,70.26536139
2015-02-25,61.86045,96.05072117,70.29821576
2015-02-26,61.73045,95.16335364,69.16063588
2015-02-27,61.64395,95.17519031,69.01965319
2015-02-28,61.64395,95.17519031,69.01965319
2015-03-01,61.64395,94.96497139,68.80019655
2015-03-02,61.90545,95.07377128,69.18862642
2015-03-03,61.81945,94.99640367,69.12960019
2015-03-04,62.28445,95.06226511,69.00805661
2015-03-05,62.43845,95.19959294,68.88147388
2015-03-06,62.78495,94.40973635,68.08086506
2015-03-07,62.78495,94.40973635,68.08086506
2015-03-08,62.78495,94.54095037,68.09028029
2015-03-09,62.56645,94.5125668,67.7823023
2015-03-10,62.835,94.74544145,67.2812056
2015-03-11,62.76345,93.73219188,66.19661223
2015-03-12,62.54145,93.12984809,66.45998482
2015-03-13,63.09345,93.02813986,66.22604139
2015-03-14,63.09345,93.02813986,66.22604139
2015-03-15,63.09345,93.0817677,66.14307211
2015-03-16,62.79045,93.08338892,66.38049425
2015-03-17,62.62345,92.37647779,66.34954679
2015-03-18,62.22095,93.08565897,67.49915767
2015-03-19,62.49495,92.24348926,66.67524021
2015-03-20,62.324,93.1930817,67.43768595
2015-03-21,62.324,93.1930817,67.43768595
2015-03-22,62.324,93.12420941,67.46043269
2015-03-23,62.17295,92.95384649,68.06383804
2015-03-24,62.26345,92.36097955,67.88895301
2015-03-25,62.46045,92.92491069,68.4593904
2015-03-26,62.84395,93.35594576,68.41318154
2015-03-27,62.52945,93.00943607,68.09770017
2015-03-28,62.52945,93.00943607,68.09770017
2015-03-29,62.52945,93.06883489,68.06018099
2015-03-30,62.51795,92.58283547,67.71006741
2015-03-31,62.32,92.414338,66.9232703
2015-04-01,62.17645,92.23503344,66.9615499
2015-04-02,62.104,92.08936418,67.50673766
2015-04-03,61.92995,92.39963545,67.47395595
2015-04-04,61.92995,92.39963545,67.47395595
2015-04-05,61.93945,92.42141392,68.13463648
2015-04-06,62.19945,92.60565257,68.00825692
2015-04-07,62.31645,92.36108049,67.43823933
2015-04-08,62.19145,92.51786722,67.06912573
2015-04-09,62.32145,91.7134927,66.4789
2015-04-10,62.27195,91.1132053,65.92114263
2015-04-11,62.27195,91.1132053,65.92114263
2015-04-13,62.455,91.6059025,66.021193
2015-04-14,62.32145,92.05750711,66.35053288
2015-04-15,62.36045,92.46807677,66.60991644
2015-04-16,62.33745,93.03241189,67.04953823
2015-04-17,62.54845,93.47867589,67.58673105
2015-04-18,62.54845,93.47867589,67.58673105
2015-04-19,62.54845,93.61939292,67.61143455
2015-04-20,63.15345,94.16116287,67.89374826
2015-04-21,62.88545,93.89395131,67.5307985
2015-04-22,62.95845,94.67125138,67.51979001
2015-04-23,63.26,95.21421025,68.4137937
2015-04-24,63.77895,96.86114139,69.35963814
2015-04-25,63.77895,96.86114139,69.35963814
2015-04-26,63.77895,96.77595397,69.29902313
2015-04-27,63.22995,96.25559239,68.77206863
2015-04-28,63.05945,96.68275025,69.16055
2015-04-29,63.45345,97.87758154,70.51201201
2015-04-30,63.58,97.63251005,71.3005278
2015-05-01,63.72595,96.47153377,71.37626628
2015-05-02,63.72595,96.47153377,71.37626628
2015-05-03,63.72595,96.52570518,71.29022317
2015-05-04,63.60145,96.17747713,70.9086209
2015-05-05,63.35145,96.10193292,70.84592805
2015-05-06,63.66445,97.02462233,72.19739654
2015-05-07,64.09145,98.70083451,72.07275857
2015-05-08,63.71145,98.38641384,71.50020685
2015-05-09,63.71145,98.38641384,71.50020685
2015-05-10,63.70495,98.3400582,71.32087748
2015-05-11,64.02345,99.73573192,71.36053888
2015-05-12,64.217,100.6200122,72.04633679
2015-05-13,64.05345,100.79707159,72.69105887
2015-05-14,63.41645,100.01883995,72.30426736
2015-05-15,63.44245,99.75690909,72.26098605
2015-05-16,63.44245,99.75690909,72.26098605
2015-05-17,63.44245,99.84572852,72.60385712
2015-05-18,63.73545,99.82692358,72.17625459
2015-05-19,63.79145,98.95967714,71.10003666
2015-05-20,63.63045,98.88903714,70.62916342
2015-05-21,63.63245,99.6611447,70.70519712
2015-05-22,63.49445,98.35608749,69.92644389
2015-05-23,63.49445,98.35608749,69.92644389
2015-05-24,63.49445,98.24496304,69.78675055
2015-05-25,63.57845,98.35776996,69.74619566
2015-05-26,63.98145,98.52929728,69.652
2015-05-27,63.88345,98.05279143,69.62337912
2015-05-28,63.83045,97.78825091,69.95945004
2015-05-29,63.74745,97.49854156,69.54059673
2015-05-30,63.74745,97.49854156,69.54059673
2015-05-31,63.74745,97.45040865,69.84808172
2015-06-01,63.61945,96.67897966,69.47562151
2015-06-02,63.67145,97.65895222,70.98602641
2015-06-03,64.06445,98.20416505,72.14635696
2015-06-04,64.00145,98.30622766,71.72866526
2015-06-05,64.10995,97.93762153,71.24578965
2015-06-06,64.10995,97.93762153,71.24578965
2015-06-07,64.10995,97.84909584,71.17262387
2015-06-08,63.985,98.175391,72.184684
2015-06-09,64.04745,98.55813794,72.33487014
2015-06-10,63.80845,98.89671892,72.16640001
2015-06-11,64.00545,99.31085668,71.98215
2015-06-12,64.09995,99.73952823,72.17654973
2015-06-13,64.09995,99.73952823,72.17654973
2015-06-14,64.09995,99.76932953,71.94802783
2015-06-15,64.05845,99.91837182,72.22910719
2015-06-16,64.18845,100.37148078,72.15199024
2015-06-17,63.90545,101.27991431,72.65730527
2015-06-18,63.65245,101.07594329,72.38174722
2015-06-19,63.48095,100.81410574,72.08579931
2015-06-20,63.48095,100.81410574,72.08579931
2015-06-21,63.48095,100.75569483,72.13023095
2015-06-22,63.51345,100.5214675,72.05632686
2015-06-23,63.60545,100.09144466,71.06637004
2015-06-24,63.56945,99.83455044,71.23910528
2015-06-25,63.52045,100.01612515,71.16069007
2015-06-26,63.45345,99.92015451,70.86481749
2015-06-27,63.45345,99.92015451,70.86481749
2015-06-28,63.48145,99.61223555,69.66263917
2015-06-29,63.73445,100.24026903,71.50654792
2015-06-30,63.61145,99.90502853,70.82594487
2015-07-01,63.58345,99.21729298,70.14831124
2015-07-02,63.37745,98.92995835,70.26103304
2015-07-03,63.41745,98.74731819,70.48215846
2015-07-04,63.41745,98.74731819,70.48215846
2015-07-05,63.43345,98.64535885,69.74444432
2015-07-06,63.37045,98.84998126,70.00787124
2015-07-07,63.52645,98.22269158,69.93309362
2015-07-08,63.56645,97.67620768,70.36265727
2015-07-09,63.37245,97.40979516,70.092148
2015-07-10,63.37145,98.33665698,70.70038953
2015-07-11,63.37145,98.33665698,70.70038953
2015-07-12,63.37145,98.31320071,70.52481951
2015-07-13,63.52145,98.33025235,69.76338563
2015-07-14,63.33245,99.0107876,69.71034464
2015-07-15,63.52945,99.27238984,69.487
2015-07-16,63.49045,99.12764185,69.09856168
2015-07-17,63.47495,99.03998253,68.74337887
2015-07-18,63.47495,99.03998253,68.74337887
2015-07-19,63.49145,99.06190055,68.77711435
2015-07-20,63.63345,99.07282784,68.94048124
2015-07-21,63.59045,98.90858744,69.53994783
2015-07-22,63.66945,99.40615774,69.55505419
2015-07-23,63.85345,99.08810347,70.16536467
2015-07-24,64.10845,99.4258019,70.35261756
2015-07-25,64.10845,99.4258019,70.35261756
2015-07-26,64.10845,99.51234265,70.34235591
2015-07-27,64.22345,99.9541683,71.22380756
2015-07-28,63.84345,99.64366648,70.64916328
2015-07-29,63.89145,99.67194044,70.17198029
2015-07-30,64.12645,100.05883063,70.16042858
2015-07-31,63.98645,99.95963823,70.45071905
2015-08-01,63.98645,99.95963823,70.45071905
2015-08-02,63.98645,99.95643476,70.17745931
2015-08-03,64.13045,99.97616692,70.2388765
2015-08-04,63.82345,99.33641374,69.477655
2015-08-05,63.725,99.4460675,69.482556
2015-08-06,63.73845,98.87937017,69.62820181
2015-08-07,63.73745,98.75799606,69.91042619
2015-08-08,63.73745,98.75799606,69.91042619
2015-08-09,63.73745,98.72580491,69.85975103
2015-08-10,63.84295,99.49572674,70.32620359
2015-08-11,64.33545,100.2507161,71.02312041
2015-08-12,64.80745,101.1764194,72.30081167
2015-08-13,65.27445,101.92115851,72.83323282
2015-08-14,65.13045,101.89660035,72.36318761
2015-08-15,65.13045,101.89660035,72.36318761
2015-08-16,65.13045,101.92589962,72.2456262
2015-08-17,65.45545,101.9783469,72.49619208
2015-08-18,65.52495,102.63336809,72.26419292
2015-08-19,65.06145,102.03294454,72.33857432
2015-08-20,65.46645,102.71686156,73.55155733
2015-08-21,66.194,103.88817805,75.3817292
2015-08-22,66.194,103.88817805,75.3817292
2015-08-23,66.166,103.71884466,75.27904343
2015-08-24,67.02995,105.63921141,77.61699775
2015-08-25,66.336,104.11767005,76.61343668
2015-08-26,66.06445,102.26116291,74.91543488
2015-08-27,66.06245,101.81214671,74.30043827
2015-08-28,66.15245,101.81854984,73.95844363
2015-08-29,66.15245,101.81854984,73.95844363
2015-08-30,66.15245,101.98061843,74.16351192
2015-08-31,66.36045,101.94358735,74.48529204
2015-09-01,66.43045,101.66516219,75.03551861
2015-09-02,66.22045,101.35039948,74.2586507
2015-09-03,66.16745,100.96974817,73.61273173
2015-09-04,66.68645,101.16001524,74.33538959
2015-09-05,66.68645,101.16001524,74.33538959
2015-09-06,66.765,101.4494325,74.4600027
2015-09-07,66.785,102.014095,74.538741
2015-09-08,66.41445,102.27493417,74.42602548
2015-09-09,66.61745,102.30241997,74.73345416
2015-09-10,66.32545,102.38593459,74.87148537
2015-09-11,66.24245,102.19885337,75.0858284
2015-09-12,66.24245,102.19885337,75.0858284
2015-09-13,66.24245,102.31312058,75.1255633
2015-09-14,66.32445,102.3100067,74.99742797
2015-09-15,66.43745,101.93855599,74.88604075
2015-09-16,66.20245,102.71872888,74.74819345
2015-09-17,66.13145,102.94682897,75.39845039
2015-09-18,65.87045,102.3001105,74.48960138
2015-09-19,65.87045,102.3001105,74.48960138
2015-09-20,65.87045,102.27935348,74.37103286
2015-09-21,65.68495,101.86093748,73.56988584
2015-09-22,65.88145,101.14120355,73.2635
2015-09-23,66.17045,100.90332147,74.03083806
2015-09-24,66.22845,100.84937292,74.03674372
2015-09-25,66.16345,100.43611881,74.06667881
2015-09-26,66.16345,100.43611881,74.06667881
2015-09-27,66.2,100.643884,74.147322
2015-09-28,66.36845,100.6344932,74.52812054
2015-09-29,65.92845,99.91456673,74.19324072
2015-09-30,65.53645,99.0976665,73.20323187
2015-10-01,65.62545,99.34085356,73.45024227
2015-10-02,65.21895,98.98933314,73.11044656
2015-10-03,65.21895,98.98933314,73.11044656
2015-10-04,65.21895,99.04802478,73.17794502
2015-10-05,65.13145,98.69368694,72.91140284
2015-10-06,65.19145,99.26702318,73.45885417
2015-10-07,64.94545,99.46493135,72.98407334
2015-10-08,65.00245,99.623578,73.3488
2015-10-09,64.77745,99.2811651,73.57747063
2015-10-10,64.77745,99.2811651,73.57747063
2015-10-11,64.77945,99.2550748,73.65099757
2015-10-12,64.78045,99.34665077,73.55172444
2015-10-13,65.09345,99.29843113,74.10238499
2015-10-14,64.85545,100.287748,74.41417069
2015-10-15,64.79245,100.24040015,73.65832516
2015-10-16,64.70445,99.89720363,73.43308227
2015-10-17,64.70445,99.89720363,73.43308227
2015-10-18,64.70445,99.87131923,73.49325564
2015-10-19,64.95945,100.49551977,73.58281888
2015-10-20,65.00245,100.40278578,73.80378324
2015-10-21,65.17145,100.52044599,73.94355
2015-10-22,65.05745,100.08609664,72.0955594
2015-10-23,65.03145,99.58919515,71.64843674
2015-10-24,65.03145,99.58919515,71.64843674
2015-10-25,65.03145,99.59014331,71.64843674
2015-10-26,64.92945,99.68650973,71.80872712
2015-10-27,65.08545,99.65265826,71.81203164
2015-10-28,65.24545,99.61610394,71.30675786
2015-10-29,65.45045,100.27925292,71.96277053
2015-10-30,65.42045,101.12693539,72.02137567
2015-10-31,65.405,101.1030615,72.004372
2015-11-01,65.405,100.98564865,72.004372
2015-11-02,65.56445,101.11251182,72.22579963
2015-11-03,65.53945,101.05036291,71.8377919
2015-11-04,65.57945,100.91136287,71.25207318
2015-11-05,65.88895,100.21248133,71.72012308
2015-11-06,66.06895,99.43047284,70.97127011
2015-11-07,66.06895,99.43047284,70.97127011
2015-11-08,66.06895,99.45094828,70.97127011
2015-11-09,66.42195,100.42533941,71.46337691
2015-11-10,66.23395,100.25402641,71.13526691
2015-11-11,66.07395,100.57611881,71.1154107
2015-11-12,66.06195,100.61995004,71.44600363
2015-11-13,66.09895,100.68192466,71.18196428
2015-11-14,66.09895,100.68192466,71.18196428
2015-11-15,66.11,100.602563,71.193864
2015-11-16,65.89445,100.16813073,70.42139947
2015-11-17,66.05245,100.51036235,70.29632105
2015-11-18,66.08445,100.70312012,70.49558742
2015-11-19,66.07845,101.00091234,70.86583484
2015-11-20,66.10895,100.42941592,70.39611692
2015-11-21,66.10895,100.42941592,70.39611692
2015-11-22,66.10895,100.41288617,70.39611692
2015-11-23,66.39845,100.43230397,70.61143279
2015-11-24,66.29745,99.97556063,70.5570623
